{
  "timestamp": "2025-12-04T23:07:40.975432",
  "evaluated_count": 1024,
  "metrics_masked": {
    "psnr": 18.4370169788599,
    "ssim": 0.5411292871613114,
    "mae": 0.14802653342485428
  }
}